[
    {
        "img":"https://fooodie.store/assets/img/menu/peri_peri.jpg",
        "name":"Peri-Peri French Fries",
        "cost":140,
        "status":"instock",
        "fav":2,
        "type":"veg",
        "category":"snacks",
        "product_id":64,
        "detail":"French fries with peri peri chilli spice powder!",
        "ingredients":"1.sdflkfj|2.dsfsadf|3.sdafsdf|4.dasfdsaf|",
        "quantity":0
     },
    {
        "img":"https://fooodie.store/assets/img/menu/maggi_premium.jpg",
        "name":"Premium Maggi",
        "cost":80,
        "status":"instock",
        "fav":2,
        "type":"veg",
        "category":"snacks",
        "product_id":63,
        "detail":"Fooodie's special maggi with combination of cheese and paneer which makes it the best late night companion",
        "ingredients":"1.sdflkfj|2.dsfsadf|3.sdafsdf|4.dasfdsaf|",
        "quantity":0
     },
     {
        "img":"https://fooodie.store/assets/img/menu/paneer_maggi.jpg",
        "name":"Paneer Maggi",
        "cost":60,
        "status":"instock",
        "fav":2,
        "type":"veg",
        "category":"snacks",
        "product_id":62,
        "detail":"Best late night hunger saver Maggi made yummilicious with paneer  and when served with extra ingredients like tomato, onion and cheese.",
        "ingredients":"1.sdflkfj|2.dsfsadf|3.sdafsdf|4.dasfdsaf|",
        "quantity":0
     },
     {
        "img":"https://fooodie.store/assets/img/menu/chees_maggi.jpg",
        "name":"Cheese Maggi",
        "cost":60,
        "status":"instock",
        "fav":2,
        "type":"veg",
        "category":"snacks",
        "product_id":61,
        "detail":"Best late night hunger saver Maggi made yummilicious with cheese and when served with extra ingredients like tomato, onion and cheese.",
        "ingredients":"1.sdflkfj|2.dsfsadf|3.sdafsdf|4.dasfdsaf|",
        "quantity":0
     },
    {
        "img":"https://fooodie.store/assets/img/menu/pasta.jpg",
        "name":"Pasta",
        "cost":100,
        "status":"instock",
        "fav":2,
        "type":"veg",
        "category":"snacks",
        "product_id":60,
        "detail":"...",
        "ingredients":"1.sdflkfj|2.dsfsadf|3.sdafsdf|4.dasfdsaf|",
        "quantity":0
     },
    {
        "img":"https://fooodie.store/assets/img/menu/french_fries.jpg",
        "name":"French Fries",
        "cost":80,
        "status":"instock",
        "fav":5,
        "type":"veg",
        "category":"snacks",
        "product_id":56,
        "detail":"French fries or simply fries or chips, are pieces of potato that have been deep-fried.",
        "ingredients":"2 1/2 pounds russet potatoes Vegetable or peanut oil, for frying Sea salt, for sprinkling",
        "quantity":0
     },
     {
        "img":"https://fooodie.store/assets/img/menu/veg_sandwich.jpg",
        "name":"Cheese Sandwich",
        "cost":60,
        "status":"instock",
        "fav":5,
        "type":"veg",
        "category":"snacks",
        "product_id":57,
        "detail":"...",
        "ingredients":"2 1/2 pounds russet potatoes Vegetable or peanut oil, for frying Sea salt, for sprinkling",
        "quantity":0
     },
    {
       "img":"https://fooodie.store/assets/img/menu/veg_sandwich.jpg",
       "name":"Veg Sandwich",
       "cost":40,
       "status":"instock",
       "fav":2,
       "type":"veg",
       "category":"snacks",
       "product_id":1,
       "detail":"Combination of butter, cucumber, tomato, onion served with toasted bread.",
       "ingredients":"1.sdflkfj|2.dsfsadf|3.sdafsdf|4.dasfdsaf|",
       "quantity":0
    },
    {
       "img":"https://fooodie.store/assets/img/menu/paneer_sandwich.jpg",
       "name":"Paneer Sandwich",
       "cost":50,
       "status":"instock",
       "fav":2,
       "type":"veg",
       "category":"snacks",
       "product_id":2,
       "detail":"Grilled sandwich with the layers of Paneer masala and onion.",
       "ingredients":"1.sdflkfj|2.dsfsadf|3.sdafsdf|4.dasfdsaf|",
       "quantity":0
    },
    {
       "img":"https://fooodie.store/assets/img/menu/alloo_sandwich.jpg",
       "name":"Alloo Sandwich",
       "cost":40,
       "status":"oos",
       "fav":2,
       "type":"veg",
       "category":"snacks",
       "product_id":3,
       "detail":"Mixing of potato, ginger, green chili, salt, cumin seeds, and mango powder well served with toasted bread.",
       "ingredients":"1.sdflkfj|2.dsfsadf|3.sdafsdf|4.dasfdsaf|",
       "quantity":0
    },
    {
       "img":"https://fooodie.store/assets/img/menu/maggi.jpg",
       "name":"Maggi",
       "cost":40,
       "status":"instock",
       "fav":2,
       "type":"veg",
       "category":"snacks",
       "product_id":4,
       "detail":"Best late night hunger saver Maggi made yummilicious when served with extra ingredients like tomato, onion and cheese.",
       "ingredients":"1.sdflkfj|2.dsfsadf|3.sdafsdf|4.dasfdsaf|",
       "quantity":0
    },
    {
       "img":"https://fooodie.store/assets/img/menu/top_ramen.jpg",
       "name":"Top Ramen",
       "cost":40,
       "status":"instock",
       "fav":2,
       "type":"veg",
       "category":"snacks",
       "product_id":5,
       "detail":"Top raman noodles prepared with tomato, onion, peas and secret masalas to make it event more delicious.",
       "ingredients":"1.sdflkfj|2.dsfsadf|3.sdafsdf|4.dasfdsaf|",
       "quantity":0
    },
    {
       "img":"https://fooodie.store/assets/img/menu/chowmein.jpg",
       "name":"Chowmein",
       "cost":70,
       "status":"instock",
       "fav":2,
       "type":"veg",
       "category":"snacks",
       "product_id":6,
       "detail":"Two farm fresh eggs served on seared Sourdough bread with tomato and mayo with tomato and onion.",
       "ingredients":"1.sdflkfj|2.dsfsadf|3.sdafsdf|4.dasfdsaf|",
       "quantity":0
    },
    {
       "img":"https://fooodie.store/assets/img/menu/egg_sandwich.jpg",
       "name":"Egg Sandwich",
       "cost":50,
       "status":"instock",
       "fav":2,
       "type":"non_veg",
       "category":"snacks",
       "product_id":7,
       "detail":"Combination of butter, cucumber, tomato, onion served with toasted bread.",
       "ingredients":"1.sdflkfj|2.dsfsadf|3.sdafsdf|4.dasfdsaf|",
       "quantity":0
    },
    {
       "img":"https://fooodie.store/assets/img/menu/egg_chowmein.jpg",
       "name":"Egg Chowmein",
       "cost":100,
       "status":"instock",
       "fav":2,
       "type":"non_veg",
       "category":"snacks",
       "product_id":8,
       "detail":"Combination of butter, cucumber, tomato, onion served with toasted bread.",
       "ingredients":"1.sdflkfj|2.dsfsadf|3.sdafsdf|4.dasfdsaf|",
       "quantity":0
    },
    {
       "img":"https://fooodie.store/assets/img/menu/veg_biriyani.jpg",
       "name":"Veg Biriyani",
       "cost":140,
       "status":"instock",
       "fav":2,
       "type":"veg",
       "category":"rice_and_biriyani",
       "product_id":9,
       "detail":"Seasoned vegetables cooked with fine quality basmati rice and spices.",
       "ingredients":"1.sdflkfj|2.dsfsadf|3.sdafsdf|4.dasfdsaf|",
       "quantity":0
    },
    {
        "img":"https://fooodie.store/assets/img/menu/schezwan_rice_small.jpg",
        "name":"Schezwan Rice",
        "cost":120,
        "status":"instock",
        "fav":2,
        "type":"veg",
        "category":"rice_and_biriyani",
        "product_id":59,
        "detail":"...",
        "ingredients":"1.sdflkfj|2.dsfsadf|3.sdafsdf|4.dasfdsaf|",
        "quantity":0
     },
    {
       "img":"https://fooodie.store/assets/img/menu/veg_pulaw.jpg",
       "name":"Veg Pulao",
       "cost":140,
       "status":"instock",
       "fav":2,
       "type":"veg",
       "category":"rice_and_biriyani",
       "product_id":10,
       "detail":"Assorted garden vegetables and basmati rice tempered with shahi jeera and whole spices.",
       "ingredients":"1.sdflkfj|2.dsfsadf|3.sdafsdf|4.dasfdsaf|",
       "quantity":0
    },
    {
       "img":"https://fooodie.store/assets/img/menu/paneer_biriyani.jpg",
       "name":"Paneer Biriyani",
       "cost":160,
       "status":"instock",
       "fav":2,
       "type":"veg",
       "category":"rice_and_biriyani",
       "product_id":11,
       "detail":"Choice of paneer cooked with fine quality basmati rice and spices.",
       "ingredients":"1.sdflkfj|2.dsfsadf|3.sdafsdf|4.dasfdsaf|",
       "quantity":0
    },
    {
       "img":"https://fooodie.store/assets/img/menu/veg_fried_rice.jpg",
       "name":"Veg Fried Rice",
       "cost":100,
       "status":"instock",
       "fav":2,
       "type":"veg",
       "category":"rice_and_biriyani",
       "product_id":12,
       "detail":"Assorted garden vegetables and basmati rice tempered with shahi jeera and whole spices.",
       "ingredients":"1.sdflkfj|2.dsfsadf|3.sdafsdf|4.dasfdsaf|",
       "quantity":0
    },
    {
       "img":"https://fooodie.store/assets/img/menu/jira_rice.jpg",
       "name":"Jeera Rice",
       "cost":80,
       "status":"instock",
       "fav":2,
       "type":"veg",
       "category":"rice_and_biriyani",
       "product_id":13,
       "detail":"Steamed basmati rice tempered with cumin and ghee.",
       "ingredients":"1.sdflkfj|2.dsfsadf|3.sdafsdf|4.dasfdsaf|",
       "quantity":0
    },
    {
       "img":"https://fooodie.store/assets/img/menu/plain_rice.jpg",
       "name":"Plain Rice",
       "cost":70,
       "status":"instock",
       "fav":2,
       "type":"veg",
       "category":"rice_and_biriyani",
       "product_id":14,
       "detail":"Basmati rice cooked in water.",
       "ingredients":"1.sdflkfj|2.dsfsadf|3.sdafsdf|4.dasfdsaf|",
       "quantity":0
    },
    {
       "img":"https://fooodie.store/assets/img/menu/chicken_dum_biriyani.jpg",
       "name":"Chicken Dum Biriyani",
       "cost":180,
       "status":"oos",
       "fav":2,
       "type":"non_veg",
       "category":"rice_and_biriyani",
       "product_id":15,
       "detail":"A sumptuous chicken biryani that is cooked with such precision that you are bound to make order this dish again and again to relish the delicate flavours.",
       "ingredients":"1.sdflkfj|2.dsfsadf|3.sdafsdf|4.dasfdsaf|",
       "quantity":0
    },
    {
       "img":"https://fooodie.store/assets/img/menu/chicken_fried_rice.jpg",
       "name":"Chicken Fried Rice",
       "cost":140,
       "status":"oos",
       "fav":2,
       "type":"non_veg",
       "category":"rice_and_biriyani",
       "product_id":16,
       "detail":"Choice of chicken cooked with fine quality basmati rice and extra spices.",
       "ingredients":"1.sdflkfj|2.dsfsadf|3.sdafsdf|4.dasfdsaf|",
       "quantity":0
    },
    {
       "img":"https://fooodie.store/assets/img/menu/chicken_biriyani.jpg",
       "name":"Chicken Biriyani",
       "cost":180,
       "status":"oos",
       "fav":2,
       "type":"non_veg",
       "category":"rice_and_biriyani",
       "product_id":17,
       "detail":"Choice of chicken cooked with fine quality basmati rice and spices.",
       "ingredients":"1.sdflkfj|2.dsfsadf|3.sdafsdf|4.dasfdsaf|",
       "quantity":0
    },
    {
       "img":"https://fooodie.store/assets/img/menu/egg_biriyani.jpg",
       "name":"Egg Biriyani",
       "cost":150,
       "status":"instock",
       "fav":2,
       "type":"non_veg",
       "category":"rice_and_biriyani",
       "product_id":18,
       "detail":"Choice of egg cooked with fine quality basmati rice and spices.",
       "ingredients":"1.sdflkfj|2.dsfsadf|3.sdafsdf|4.dasfdsaf|",
       "quantity":0
    },
    {
       "img":"https://fooodie.store/assets/img/menu/egg_fried_rice.jpg",
       "name":"Egg Fried Rice",
       "cost":100,
       "status":"instock",
       "fav":2,
       "type":"non_veg",
       "category":"rice_and_biriyani",
       "product_id":19,
       "detail":"Choice of egg cooked with fine quality basmati rice and spices.",
       "ingredients":"1.sdflkfj|2.dsfsadf|3.sdafsdf|4.dasfdsaf|",
       "quantity":0
    },
    {
       "img":"https://fooodie.store/assets/img/menu/chilli_paneer.jpg",
       "name":"Paneer Chilli",
       "cost":140,
       "status":"instock",
       "fav":2,
       "type":"veg",
       "category":"curry",
       "product_id":20,
       "detail":"Cottage Cheese sauteed with three pepper, garlic & onion in soya sauce.",
       "ingredients":"1.sdflkfj|2.dsfsadf|3.sdafsdf|4.dasfdsaf|",
       "quantity":0
    },
    {
       "img":"https://fooodie.store/assets/img/menu/gobi_manchurian.jpg",
       "name":"Gobhi Chilli",
       "cost":100,
       "status":"instock",
       "fav":2,
       "type":"veg",
       "category":"curry",
       "product_id":21,
       "detail":"Gobhi sauteed with three pepper, garlic & onion in soya sauce.",
       "ingredients":"1.sdflkfj|2.dsfsadf|3.sdafsdf|4.dasfdsaf|",
       "quantity":0
    },
    {
       "img":"https://fooodie.store/assets/img/menu/kadaiPaneer.jpg",
       "name":"Paneer Kadai",
       "cost":130,
       "status":"instock",
       "fav":2,
       "type":"veg",
       "category":"curry",
       "product_id":22,
       "detail":"Cottage Cheese Finished with spicy Punjabi Gravy.",
       "ingredients":"1.sdflkfj|2.dsfsadf|3.sdafsdf|4.dasfdsaf|",
       "quantity":0
    },
    {
       "img":"https://fooodie.store/assets/img/menu/aalu_jirra.jpg",
       "name":"Aloo Jeera",
       "cost":90,
       "status":"instock",
       "fav":3,
       "type":"veg",
       "category":"curry",
       "product_id":23,
       "detail":"...",
       "ingredients":"1.sdflkfj|2.dsfsadf|3.sdafsdf|4.dasfdsaf|",
       "quantity":0
    },
    {
       "img":"https://fooodie.store/assets/img/menu/aalu_lehsaniya.jpg",
       "name":"Aloo Lahsuniya",
       "cost":90,
       "status":"instock",
       "fav":2,
       "type":"veg",
       "category":"curry",
       "product_id":24,
       "detail":"...",
       "ingredients":"1.sdflkfj|2.dsfsadf|3.sdafsdf|4.dasfdsaf|",
       "quantity":0
    },
    {
       "img":"https://fooodie.store/assets/img/menu/allu_gobhi_matar.jpg",
       "name":"Gobhi Matar Aloo",
       "cost":110,
       "status":"instock",
       "fav":5,
       "type":"veg",
       "category":"curry",
       "product_id":25,
       "detail":"Cubes of Potato, Cauliflower and mater Cooked in Onion Tomato Based Semi Gravy.",
       "ingredients":"1.sdflkfj|2.dsfsadf|3.sdafsdf|4.dasfdsaf|",
       "quantity":0
    },
    {
       "img":"https://fooodie.store/assets/img/menu/allu_matar_masala.jpg",
       "name":"Matar Aloo Masala",
       "cost":110,
       "status":"instock",
       "fav":2,
       "type":"veg",
       "category":"curry",
       "product_id":26,
       "detail":"Cubes of Potato Cooked in Onion Tomato Based Semi Gravy.",
       "ingredients":"1.sdflkfj|2.dsfsadf|3.sdafsdf|4.dasfdsaf|",
       "quantity":0
    },
    {
       "img":"https://fooodie.store/assets/img/menu/ghobhi_masala.jpg",
       "name":"Gobhi Masala",
       "cost":100,
       "status":"instock",
       "fav":6,
       "type":"veg",
       "category":"curry",
       "product_id":27,
       "detail":"Cauliflower Cooked in Onion Tomato Based Semi Gravy.",
       "ingredients":"1.sdflkfj|2.dsfsadf|3.sdafsdf|4.dasfdsaf|",
       "quantity":0
    },
    {
       "img":"https://fooodie.store/assets/img/menu/ghobi_matar.jpg",
       "name":"Gobhi Matar",
       "cost":100,
       "status":"instock",
       "fav":2,
       "type":"veg",
       "category":"curry",
       "product_id":28,
       "detail":"...",
       "ingredients":"1.sdflkfj|2.dsfsadf|3.sdafsdf|4.dasfdsaf|",
       "quantity":0
    },
    {
       "img":"https://fooodie.store/assets/img/menu/mix_veg.jpg",
       "name":"Mix Veg",
       "cost":110,
       "status":"instock",
       "fav":2,
       "type":"veg",
       "category":"curry",
       "product_id":29,
       "detail":"...",
       "ingredients":"1.sdflkfj|2.dsfsadf|3.sdafsdf|4.dasfdsaf|",
       "quantity":0
    },
    {
       "img":"https://fooodie.store/assets/img/menu/paneer_do_pyaza.jpg",
       "name":"Paneer Do Pyaza",
       "cost":130,
       "status":"instock",
       "fav":8,
       "type":"veg",
       "category":"curry",
       "product_id":30,
       "detail":"...",
       "ingredients":"1.sdflkfj|2.dsfsadf|3.sdafsdf|4.dasfdsaf|",
       "quantity":0
    },
    {
       "img":"https://fooodie.store/assets/img/menu/panner_masala.jpg",
       "name":"Paneer Masala",
       "cost":130,
       "status":"instock",
       "fav":2,
       "type":"veg",
       "category":"curry",
       "product_id":31,
       "detail":"...",
       "ingredients":"1.sdflkfj|2.dsfsadf|3.sdafsdf|4.dasfdsaf|",
       "quantity":0
    },
    {
       "img":"https://fooodie.store/assets/img/menu/paneer_butter_masala.jpg",
       "name":"Paneer Butter Masala",
       "cost":140,
       "status":"instock",
       "fav":2,
       "type":"veg",
       "category":"curry",
       "product_id":32,
       "detail":"Cottage Cheese Finished with spicy Punjabi Gravy with a hint of butter and cream.",
       "ingredients":"1.sdflkfj|2.dsfsadf|3.sdafsdf|4.dasfdsaf|",
       "quantity":0
    },
    {
       "img":"https://fooodie.store/assets/img/menu/alloo_gobi.jpg",
       "name":"Allo Gobi",
       "cost":110,
       "status":"instock",
       "fav":2,
       "type":"veg",
       "category":"curry",
       "product_id":33,
       "detail":"Cubes of Potato and Cauliflower Cooked in Onion Tomato Based Semi Gravy.",
       "ingredients":"1.sdflkfj|2.dsfsadf|3.sdafsdf|4.dasfdsaf|",
       "quantity":0
    },
    {
       "img":"https://fooodie.store/assets/img/menu/dal_fry.jpg",
       "name":"Dal Fry",
       "cost":100,
       "status":"instock",
       "fav":2,
       "type":"veg",
       "category":"curry",
       "product_id":34,
       "detail":"Toor dal tampered with cumin seeds, Garlic and chilli.",
       "ingredients":"1.sdflkfj|2.dsfsadf|3.sdafsdf|4.dasfdsaf|",
       "quantity":0
    },
    {
       "img":"https://fooodie.store/assets/img/menu/kadaichicken.JPG",
       "name":"Chicken Kadai(Half)",
       "cost":200,
       "status":"oos",
       "fav":2,
       "type":"non_veg",
       "category":"curry",
       "product_id":35,
       "detail":"Kadai Chicken is a spicy chicken dish with a rich aroma given by the Ginger and Tomatoes. It makes an excellent side dish for Briyani.",
       "ingredients":"1.sdflkfj|2.dsfsadf|3.sdafsdf|4.dasfdsaf|",
       "quantity":0
    },
    {
       "img":"https://fooodie.store/assets/img/menu/kadaichicken.JPG",
       "name":"Chicken Kadai",
       "cost":300,
       "status":"oos",
       "fav":2,
       "type":"non_veg",
       "category":"curry",
       "product_id":36,
       "detail":"Kadai Chicken is a spicy chicken dish with a rich aroma given by the Ginger and Tomatoes. It makes an excellent side dish for Briyani.",
       "ingredients":"1.sdflkfj|2.dsfsadf|3.sdafsdf|4.dasfdsaf|",
       "quantity":0
    },
    {
       "img":"https://fooodie.store/assets/img/menu/chicken_roast.jpg",
       "name":"Chicken Roast",
       "cost":180,
       "status":"oos",
       "fav":2,
       "type":"non_veg",
       "category":"curry",
       "product_id":37,
       "detail":"Roasted chicken with ginger chilli paste and kasoori methi.",
       "ingredients":"1.sdflkfj|2.dsfsadf|3.sdafsdf|4.dasfdsaf|",
       "quantity":0
    },
    {
       "img":"https://fooodie.store/assets/img/menu/chicken_butter_masala.jpg",
       "name":"Chicken Butter Masala(Half)",
       "cost":280,
       "status":"oos",
       "fav":2,
       "type":"non_veg",
       "category":"curry",
       "product_id":38,
       "detail":"Natural chicken cooked in tandoori oven, seasoned with spices with vegetables and simmered in cream.",
       "ingredients":"1.sdflkfj|2.dsfsadf|3.sdafsdf|4.dasfdsaf|",
       "quantity":0
    },
    {
       "img":"https://fooodie.store/assets/img/menu/chicken_butter_masala.jpg",
       "name":"Chicken Butter Masala(Full)",
       "cost":400,
       "status":"oos",
       "fav":2,
       "type":"non_veg",
       "category":"curry",
       "product_id":39,
       "detail":"Natural chicken cooked in tandoori oven, seasoned with spices with vegetables and simmered in cream.",
       "ingredients":"1.sdflkfj|2.dsfsadf|3.sdafsdf|4.dasfdsaf|",
       "quantity":0
    },
    {
       "img":"https://fooodie.store/assets/img/menu/egg_curry.jpg",
       "name":"Egg Curry",
       "cost":80,
       "status":"instock",
       "fav":2,
       "type":"non_veg",
       "category":"curry",
       "product_id":40,
       "detail":"Egg curry packed with flavour from chillies, garlic, cardamom, cinnamon & more, with subtle hint of vinegar.",
       "ingredients":"1.sdflkfj|2.dsfsadf|3.sdafsdf|4.dasfdsaf|",
       "quantity":0
    },
    {
       "img":"https://fooodie.store/assets/img/menu/chicken_chilli.jpg",
       "name":"Chicken Chilly",
       "cost":160,
       "status":"oos",
       "fav":2,
       "type":"non_veg",
       "category":"curry",
       "product_id":41,
       "detail":"Chicken curry packed with flavour from chillies, garlic, cardamom, cinnamon & more, with subtle hint of vinegar.",
       "ingredients":"1.sdflkfj|2.dsfsadf|3.sdafsdf|4.dasfdsaf|",
       "quantity":0
    },
    {
       "img":"https://fooodie.store/assets/img/menu/alloo_pratha.jpg",
       "name":"Alloo Pratha",
       "cost":30,
       "status":"oos",
       "fav":2,
       "type":"veg",
       "category":"rolls_and_paratha",
       "product_id":42,
       "detail":"Whole wheat bread stuffed with spiced potato mixture.",
       "ingredients":"1.sdflkfj|2.dsfsadf|3.sdafsdf|4.dasfdsaf|",
       "quantity":0
    },
    {
       "img":"https://fooodie.store/assets/img/menu/tandoori_roti.jpg",
       "name":"Tandoori Roti(1Piece)",
       "cost":10,
       "status":"oos",
       "fav":2,
       "type":"veg",
       "category":"rolls_and_paratha",
       "product_id":43,
       "detail":"Unleavened whole wheat bread made in a clay oven.",
       "ingredients":"1.sdflkfj|2.dsfsadf|3.sdafsdf|4.dasfdsaf|",
       "quantity":0
    },
    {
       "img":"https://fooodie.store/assets/img/menu/tandoori_butter_roti.jpg",
       "name":"Butter Tandoori Roti(1Piece)",
       "cost":15,
       "status":"oos",
       "fav":2,
       "type":"veg",
       "category":"rolls_and_paratha",
       "product_id":44,
       "detail":"Unleavened whole wheat bread made with butter & barbecued in the clay oven.",
       "ingredients":"1.sdflkfj|2.dsfsadf|3.sdafsdf|4.dasfdsaf|",
       "quantity":0
    },
    {
       "img":"https://fooodie.store/assets/img/menu/paneer_roll.jpg",
       "name":"Paneer Roll",
       "cost":50,
       "status":"instock",
       "fav":2,
       "type":"veg",
       "category":"rolls_and_paratha",
       "product_id":45,
       "detail":"Homemade fresh cottage cheese, served wrapped in kathi parantha.",
       "ingredients":"1.sdflkfj|2.dsfsadf|3.sdafsdf|4.dasfdsaf|",
       "quantity":0
    },
    {
       "img":"https://fooodie.store/assets/img/menu/veg_roll.jpg",
       "name":"Veg Roll",
       "cost":40,
       "status":"instock",
       "fav":2,
       "type":"veg",
       "category":"rolls_and_paratha",
       "product_id":46,
       "detail":"Crispy wraps filled with julienne vegetables.",
       "ingredients":"1.sdflkfj|2.dsfsadf|3.sdafsdf|4.dasfdsaf|",
       "quantity":0
    },
    {
       "img":"https://fooodie.store/assets/img/menu/paneer_cheese_roll.jpg",
       "name":"Paneer Cheese Roll",
       "cost":70,
       "status":"instock",
       "fav":2,
       "type":"veg",
       "category":"rolls_and_paratha",
       "product_id":47,
       "detail":"Paneer cheese cubes marinated delicious creamy sauces and pared with sour onions.",
       "ingredients":"1.sdflkfj|2.dsfsadf|3.sdafsdf|4.dasfdsaf|",
       "quantity":0
    },
    {
        "img":"https://fooodie.store/assets/img/menu/paneer_cheese_roll.jpg",
        "name":"Paneer Chilli Roll",
        "cost":70,
        "status":"instock",
        "fav":2,
        "type":"veg",
        "category":"rolls_and_paratha",
        "product_id":58,
        "detail":"Paneer cheese cubes marinated delicious creamy sauces and pared with sour onions.",
        "ingredients":"1.sdflkfj|2.dsfsadf|3.sdafsdf|4.dasfdsaf|",
        "quantity":0
     },
    {
       "img":"https://fooodie.store/assets/img/menu/chicken_roll.jpg",
       "name":"Chicken Roll",
       "cost":80,
       "status":"oos",
       "fav":2,
       "type":"non_veg",
       "category":"rolls_and_paratha",
       "product_id":48,
       "detail":"Crispy Pastries filled with chicken spicy filling.",
       "ingredients":"1.sdflkfj|2.dsfsadf|3.sdafsdf|4.dasfdsaf|",
       "quantity":0
    },
    {
       "img":"https://fooodie.store/assets/img/menu/egg_roll.jpg",
       "name":"Egg Roll",
       "cost":50,
       "status":"instock",
       "fav":2,
       "type":"non_veg",
       "category":"rolls_and_paratha",
       "product_id":49,
       "detail":"Egg coated, freshly made parantha, rolled with crunchy and lemony lacha onion.",
       "ingredients":"1.sdflkfj|2.dsfsadf|3.sdafsdf|4.dasfdsaf|",
       "quantity":0
    },
    {
       "img":"https://fooodie.store/assets/img/menu/coco_cola.jpg",
       "name":"Coco - cola",
       "cost":50,
       "status":"instock",
       "fav":2,
       "type":"veg",
       "category":"drink_and_dessert",
       "product_id":50,
       "detail":"...",
       "ingredients":"1.sdflkfj|2.dsfsadf|3.sdafsdf|4.dasfdsaf|",
       "quantity":0
    },
    {
       "img":"https://fooodie.store/assets/img/menu/thumbs_up.jpg",
       "name":"Thumbs Up",
       "cost":50,
       "status":"instock",
       "fav":2,
       "type":"veg",
       "category":"drink_and_dessert",
       "product_id":51,
       "detail":"...",
       "ingredients":"1.sdflkfj|2.dsfsadf|3.sdafsdf|4.dasfdsaf|",
       "quantity":0
    },
    {
       "img":"https://fooodie.store/assets/img/menu/sprite.jpg",
       "name":"Sprite",
       "cost":50,
       "status":"instock",
       "fav":2,
       "type":"veg",
       "category":"drink_and_dessert",
       "product_id":52,
       "detail":"...",
       "ingredients":"1.sdflkfj|2.dsfsadf|3.sdafsdf|4.dasfdsaf|",
       "quantity":0
    },
    {
       "img":"https://fooodie.store/assets/img/menu/choclate_icecream.jpg",
       "name":"Choclate Ice-Cream",
       "cost":40,
       "status":"instock",
       "fav":2,
       "type":"veg",
       "category":"drink_and_dessert",
       "product_id":53,
       "detail":"...",
       "ingredients":"1.sdflkfj|2.dsfsadf|3.sdafsdf|4.dasfdsaf|",
       "quantity":0
    },
    {
       "img":"https://fooodie.store/assets/img/menu/vanilla_icecream.jpg",
       "name":"Vanilla Ice-Cream",
       "cost":40,
       "status":"instock",
       "fav":2,
       "type":"veg",
       "category":"drink_and_dessert",
       "product_id":54,
       "detail":"...",
       "ingredients":"1.sdflkfj|2.dsfsadf|3.sdafsdf|4.dasfdsaf|",
       "quantity":0
    },
    {
       "img":"https://fooodie.store/assets/img/menu/straberry_icecream.jpg",
       "name":"Strawberry Ice-cream",
       "cost":40,
       "status":"instock",
       "fav":2,
       "type":"veg",
       "category":"drink_and_dessert",
       "product_id":55,
       "detail":"...",
       "ingredients":"1.sdflkfj|2.dsfsadf|3.sdafsdf|4.dasfdsaf|",
       "quantity":0
    }
 ]